person,frame,max_diff,frame_diff
2,20,9.031157987192273,
2,40,6.212908685207367,20
2,120,4.365929156541824,80
1,140,9.763487718999386,20
